{"cameraMode":{"drawMode":0,"name":"Shaded","section":"Shading Mode"},"sceneLighting":false,"audioPlay":false,"sceneViewState":{"showFog":true,"showMaterialUpdate":false,"showSkybox":false,"showFlares":true,"showImageEffects":true,"showParticleSystems":true},"in2DMode":false,"pivot":{"x":0.0,"y":0.13999998569488526,"z":0.8450000286102295},"rotation":{"x":-0.24473415315151215,"y":0.3315678536891937,"z":-0.08897023648023606,"w":-0.9069160223007202},"size":2.8041248321533205,"orthographic":false}