{"cameraMode":{"drawMode":0,"name":"Shaded","section":"Shading Mode"},"sceneLighting":false,"audioPlay":false,"sceneViewState":{"showFog":true,"showMaterialUpdate":false,"showSkybox":true,"showFlares":true,"showImageEffects":true,"showParticleSystems":true},"in2DMode":false,"pivot":{"x":-10.711335182189942,"y":152.36416625976563,"z":-5.940952301025391},"rotation":{"x":-0.2872568368911743,"y":0.061277762055397037,"z":-0.017927538603544236,"w":-0.9558524489402771},"size":2.697791814804077,"orthographic":false}