{"cameraMode":{"drawMode":0,"name":"Shaded","section":"Shading Mode"},"sceneLighting":false,"audioPlay":false,"sceneViewState":{"showFog":true,"showMaterialUpdate":false,"showSkybox":true,"showFlares":true,"showImageEffects":true,"showParticleSystems":true},"in2DMode":false,"pivot":{"x":10.204280853271485,"y":151.32342529296876,"z":-11.912400245666504},"rotation":{"x":-0.06004258617758751,"y":0.9129540324211121,"z":-0.14554625749588014,"w":-0.37655875086784365},"size":6.317836761474609,"orthographic":false}